Country Name,2000 [YR2000],2001 [YR2001],2002 [YR2002],2003 [YR2003],2004 [YR2004],2005 [YR2005],2006 [YR2006],2007 [YR2007],2008 [YR2008],2009 [YR2009],2010 [YR2010],2011 [YR2011],2012 [YR2012],2013 [YR2013],2014 [YR2014],2015 [YR2015],2016 [YR2016]
Afghanistan,55.482,56.044,56.637,57.25,57.875,58.5,59.11,59.694,60.243,60.754,61.226,61.666,62.086,62.494,62.895,63.288,63.673
Albania,73.955,74.286,74.575,74.82,75.028,75.217,75.418,75.656,75.943,76.281,76.652,77.031,77.389,77.702,77.963,78.174,78.345
Algeria,70.292,70.778,71.276,71.78,72.281,72.767,73.225,73.648,74.032,74.374,74.676,74.944,75.187,75.418,75.641,75.86,76.078
Angola,47.113,48.2,49.341,50.508,51.676,52.833,53.974,55.096,56.189,57.231,58.192,59.042,59.77,60.373,60.858,61.241,61.547
Antigua and Barbuda,73.541,73.752,73.957,74.158,74.354,74.544,74.727,74.905,75.078,75.247,75.412,75.574,75.733,75.892,76.05,76.207,76.364
Argentina,73.832,74.039,74.236,74.424,74.603,74.775,74.941,75.105,75.268,75.431,75.595,75.761,75.926,76.089,76.252,76.415,76.577
Armenia,71.409,71.8,72.112,72.347,72.512,72.625,72.715,72.815,72.946,73.119,73.331,73.571,73.814,74.044,74.255,74.445,74.618
Aruba,73.787,73.853,73.937,74.038,74.156,74.287,74.429,74.576,74.725,74.872,75.016,75.158,75.299,75.44,75.582,75.725,75.867
Australia,79.23414634,79.63414634,79.93658537,80.23902439,80.4902439,80.84146341,81.04146341,81.29268293,81.39512195,81.54390244,81.69512195,81.89512195,82.04634146,82.14878049,82.3,82.4,82.5
Austria,78.12682927,78.57560976,78.67804878,78.63170732,79.1804878,79.33170732,79.8804878,80.1804878,80.43170732,80.33170732,80.5804878,80.98292683,80.93658537,81.13658537,81.4902439,81.1902439,80.8902439
Azerbaijan,66.763,67.054,67.391,67.791,68.249,68.75,69.269,69.774,70.238,70.646,70.987,71.26,71.478,71.656,71.8,71.921,72.026
"Bahamas, The",72.37,72.668,72.971,73.264,73.538,73.787,74.012,74.218,74.41,74.591,74.761,74.923,75.079,75.23,75.379,75.527,75.675
Bahrain,74.44,74.635,74.822,74.999,75.167,75.326,75.478,75.625,75.77,75.913,76.056,76.199,76.341,76.482,76.622,76.761,76.9
Bangladesh,65.324,65.903,66.448,66.965,67.46,67.937,68.403,68.861,69.312,69.759,70.198,70.626,71.039,71.431,71.803,72.155,72.489
Barbados,73.377,73.535,73.691,73.847,74.004,74.163,74.324,74.486,74.648,74.811,74.973,75.133,75.292,75.448,75.603,75.755,75.906
Belarus,68.91219512,68.50731707,68.05609756,68.55365854,68.95609756,68.85121951,69.40487805,70.20731707,70.45609756,70.40731707,70.40487805,70.55365854,71.96585366,72.47073171,72.97073171,73.62439024,73.82682927
Belgium,77.72195122,77.97317073,78.07560976,78.12926829,78.87804878,78.9804878,79.3804878,79.78292683,79.6804878,80.03414634,80.18292683,80.58536585,80.38536585,80.58780488,81.28780488,80.99268293,80.99268293
Belize,68.329,68.356,68.46,68.619,68.815,69.023,69.218,69.385,69.517,69.611,69.676,69.731,69.798,69.895,70.027,70.192,70.384
Benin,55.391,55.668,56.025,56.436,56.887,57.355,57.817,58.255,58.654,59.009,59.319,59.595,59.855,60.113,60.373,60.639,60.907
Bermuda,77.88536585,77.88536585,78.08780488,78.33414634,78.48536585,78.68536585,78.88780488,78.93414634,79.23658537,79.38843902,79.28853659,81.15268293,81.67780488,80.57243902,80.79731707,81.01219512,81.22707317
Bhutan,60.758,61.625,62.484,63.322,64.126,64.882,65.578,66.214,66.792,67.315,67.79,68.227,68.639,69.038,69.43,69.817,70.197
Bolivia,60.69,61.26,61.829,62.399,62.968,63.538,64.113,64.692,65.272,65.847,66.408,66.945,67.451,67.922,68.357,68.756,69.125
Bosnia and Herzegovina,74.413,74.653,74.824,74.967,75.096,75.223,75.353,75.486,75.619,75.758,75.905,76.06,76.223,76.39,76.561,76.735,76.911
Botswana,49.03,48.838,49.108,49.788,50.832,52.165,53.695,55.312,56.919,58.45,59.868,61.179,62.425,63.63,64.78,65.846,66.797
Brazil,70.055,70.486,70.896,71.29,71.67,72.04,72.405,72.768,73.129,73.488,73.838,74.174,74.488,74.777,75.042,75.284,75.509
Brunei Darussalam,75.202,75.425,75.65,75.875,76.093,76.291,76.455,76.577,76.656,76.699,76.719,76.734,76.764,76.823,76.917,77.046,77.203
Bulgaria,71.66341463,71.76829268,71.86585366,72.06585366,72.56341463,72.56097561,72.61219512,72.66341463,72.96341463,73.41219512,73.51219512,74.16341463,74.31463415,74.86097561,74.46585366,74.61463415,74.61463415
Burkina Faso,50.489,50.893,51.384,51.956,52.602,53.31,54.063,54.841,55.618,56.376,57.096,57.762,58.377,58.942,59.457,59.927,60.361
Burundi,51.545,51.779,51.977,52.19,52.437,52.735,53.09,53.492,53.926,54.386,54.861,55.338,55.807,56.259,56.688,57.094,57.481
Cabo Verde,69.747,70.358,70.882,71.293,71.584,71.76,71.842,71.869,71.881,71.899,71.941,72.019,72.127,72.259,72.418,72.599,72.798
Cambodia,58.432,59.335,60.283,61.241,62.186,63.088,63.927,64.695,65.391,66.01,66.555,67.034,67.466,67.868,68.251,68.62,68.981
Cameroon,50.026,50.495,51.059,51.671,52.301,52.916,53.494,54.033,54.535,54.996,55.424,55.832,56.241,56.665,57.111,57.582,58.073
Canada,79.23658537,79.48780488,79.5902439,79.83902439,80.14146341,80.29268293,80.29268293,80.54390244,80.69512195,80.94634146,81.19756098,81.44878049,81.5835122,81.77204878,81.95304878,82.12902439,82.3005122
Central African Republic,43.937,43.755,43.718,43.827,44.08,44.466,44.967,45.552,46.19,46.862,47.56,48.284,49.041,49.825,50.621,51.41,52.171
Chad,47.593,47.603,47.638,47.716,47.848,48.054,48.349,48.729,49.182,49.691,50.233,50.778,51.3,51.778,52.204,52.575,52.903
Channel Islands,77.602,77.864,78.137,78.417,78.699,78.975,79.241,79.493,79.729,79.947,80.145,80.326,80.494,80.654,80.807,80.958,81.107
Chile,76.793,77.034,77.255,77.453,77.632,77.791,77.934,78.066,78.193,78.32,78.454,78.599,78.758,78.931,79.117,79.315,79.522
China,71.955,72.401,72.84,73.257,73.642,73.987,74.291,74.562,74.808,75.032,75.236,75.425,75.602,75.769,75.932,76.092,76.252
Colombia,71.019,71.293,71.556,71.813,72.062,72.303,72.532,72.749,72.952,73.143,73.325,73.5,73.673,73.847,74.022,74.2,74.381
Comoros,59.46,59.529,59.617,59.738,59.904,60.126,60.407,60.734,61.094,61.475,61.862,62.24,62.596,62.923,63.216,63.473,63.701
"Congo, Dem. Rep.",50.041,50.667,51.385,52.144,52.917,53.675,54.401,55.091,55.743,56.35,56.907,57.418,57.894,58.347,58.782,59.205,59.621
"Congo, Rep.",51.397,51.577,52.017,52.703,53.608,54.687,55.881,57.115,58.321,59.452,60.473,61.37,62.169,62.89,63.536,64.112,64.625
Costa Rica,77.448,77.597,77.736,77.868,77.993,78.114,78.234,78.355,78.481,78.613,78.756,78.911,79.077,79.254,79.44,79.634,79.831
Cote d'Ivoire,46.672,46.567,46.637,46.856,47.205,47.658,48.183,48.747,49.321,49.883,50.423,50.945,51.463,51.989,52.52,53.053,53.582
Croatia,72.80780488,74.51292683,74.71731707,74.61390244,75.5202439,75.24463415,75.83682927,75.70560976,75.91219512,76.16829268,76.47560976,76.77560976,76.92439024,77.12682927,77.47804878,77.27560976,78.02195122
Cuba,76.658,76.88,77.119,77.381,77.663,77.95,78.225,78.469,78.672,78.833,78.959,79.064,79.167,79.282,79.415,79.57,79.742
Cyprus,78.01,78.14,78.264,78.386,78.506,78.631,78.764,78.911,79.071,79.245,79.43,79.62,79.81,79.995,80.173,80.344,80.508
Czech Republic,74.96829268,75.17317073,75.22195122,75.17073171,75.72195122,75.92439024,76.52439024,76.72439024,76.97560976,77.07804878,77.42439024,77.87317073,78.07560976,78.17560976,78.82439024,78.57804878,78.33170732
Denmark,76.59268293,76.79268293,76.89512195,77.14390244,77.49268293,77.84390244,78.09512195,78.19512195,78.44634146,78.59756098,79.1,79.8,80.05121951,80.3,80.7,80.70243902,80.70487805
Djibouti,57.021,57.1,57.233,57.424,57.677,57.999,58.393,58.848,59.345,59.865,60.383,60.87,61.31,61.691,62.006,62.26,62.465
Dominican Republic,70.568,70.775,70.99,71.207,71.425,71.644,71.862,72.078,72.29,72.498,72.702,72.901,73.098,73.292,73.483,73.673,73.861
Ecuador,72.933,73.22,73.482,73.72,73.937,74.136,74.322,74.501,74.678,74.859,75.046,75.244,75.449,75.661,75.879,76.102,76.327
"Egypt, Arab Rep.",68.613,68.807,68.972,69.127,69.282,69.444,69.618,69.797,69.98,70.167,70.357,70.55,70.742,70.933,71.12,71.304,71.484
El Salvador,68.834,69.135,69.44,69.743,70.048,70.357,70.668,70.98,71.291,71.599,71.902,72.195,72.479,72.753,73.015,73.267,73.512
Equatorial Guinea,52.752,53.099,53.415,53.709,53.987,54.262,54.55,54.858,55.19,55.543,55.908,56.265,56.601,56.905,57.18,57.434,57.681
Eritrea,55.258,55.847,56.483,57.174,57.916,58.691,59.472,60.23,60.94,61.591,62.181,62.718,63.22,63.703,64.174,64.636,65.092
Estonia,70.41707317,70.25853659,70.90487805,71.31707317,71.9097561,72.56829268,72.69146341,72.81463415,73.77073171,74.82439024,75.42926829,76.22926829,76.32682927,77.14146341,77.03414634,77.5902439,77.73658537
Eswatini,48.521,47.352,46.508,46.018,45.905,46.185,46.846,47.805,48.969,50.26,51.598,52.912,54.158,55.296,56.287,57.107,57.754
Ethiopia,51.94,52.593,53.347,54.209,55.172,56.221,57.333,58.466,59.58,60.643,61.625,62.501,63.275,63.952,64.535,65.037,65.475
Faroe Islands,78.48536585,78.63902439,78.84146341,78.94146341,79.14146341,79.34146341,79.63902439,79.88780488,80.18780488,80.38780488,80.63658537,80.88780488,81.18780488,81.43902439,81.6902439,81.9902439,82.24146341
Fiji,67.553,67.734,67.91,68.079,68.243,68.405,68.569,68.737,68.909,69.087,69.267,69.448,69.625,69.796,69.96,70.117,70.269
Finland,77.46585366,77.96585366,78.1195122,78.36829268,78.71463415,78.81707317,79.21463415,79.26341463,79.56829268,79.7195122,79.87073171,80.47073171,80.62682927,80.97560976,81.1804878,81.4804878,81.7804878
France,79.05609756,79.15853659,79.26097561,79.11463415,80.16341463,80.16341463,80.81219512,81.11219512,81.21463415,81.41463415,81.66341463,82.11463415,81.96829268,82.2195122,82.67073171,82.27317073,82.27317073
French Polynesia,72.313,72.669,73.029,73.396,73.766,74.132,74.486,74.818,75.123,75.397,75.643,75.862,76.065,76.257,76.444,76.628,76.813
Gabon,59.302,59.171,59.154,59.266,59.512,59.89,60.388,60.969,61.597,62.247,62.893,63.519,64.119,64.686,65.211,65.685,66.105
"Gambia, The",55.924,56.329,56.732,57.132,57.527,57.914,58.289,58.648,58.991,59.316,59.622,59.911,60.187,60.452,60.707,60.954,61.193
Georgia,71.907,72.182,72.408,72.575,72.682,72.73,72.73,72.704,72.673,72.65,72.649,72.68,72.742,72.832,72.951,73.096,73.261
Germany,77.92682927,78.32926829,78.22926829,78.3804878,78.6804878,78.93170732,79.13170732,79.53414634,79.73658537,79.83658537,79.98780488,80.43658537,80.53902439,80.4902439,81.0902439,80.64146341,80.64146341
Ghana,56.994,57.147,57.41,57.761,58.187,58.666,59.167,59.663,60.128,60.55,60.924,61.254,61.561,61.86,62.154,62.448,62.742
Greece,77.88780488,78.38780488,78.64146341,78.84146341,79.03902439,79.23902439,79.43902439,79.43902439,79.93902439,80.18780488,80.38780488,80.73170732,80.63414634,81.28536585,81.38536585,81.03658537,81.03658537
Grenada,70.337,70.551,70.77,70.991,71.213,71.438,71.667,71.903,72.142,72.383,72.618,72.84,73.044,73.227,73.388,73.531,73.659
Guam,75.01,75.369,75.715,76.047,76.362,76.663,76.956,77.249,77.543,77.84,78.134,78.419,78.689,78.938,79.168,79.379,79.575
Guatemala,67.849,68.304,68.717,69.092,69.437,69.763,70.085,70.415,70.76,71.122,71.494,71.867,72.227,72.562,72.869,73.15,73.409
Guinea,51.181,51.229,51.451,51.859,52.444,53.17,53.972,54.775,55.521,56.185,56.765,57.282,57.782,58.301,58.846,59.419,60.015
Guinea-Bissau,52.27,52.45,52.636,52.845,53.084,53.357,53.663,53.991,54.333,54.687,55.05,55.424,55.807,56.2,56.598,57,57.403
Guyana,64.93,65.065,65.192,65.313,65.428,65.538,65.642,65.741,65.836,65.929,66.022,66.117,66.216,66.318,66.425,66.536,66.65
Haiti,57.716,57.969,58.239,58.535,58.86,59.219,59.61,60.023,60.448,60.876,61.296,61.699,62.078,62.432,62.757,63.055,63.33
Honduras,70.537,70.756,70.957,71.15,71.341,71.532,71.724,71.911,72.093,72.27,72.446,72.624,72.805,72.99,73.181,73.376,73.575
"Hong Kong SAR, China",80.87804878,81.42439024,81.42682927,81.37804878,81.82926829,81.62926829,82.37560976,82.32682927,82.37560976,82.77560976,82.97804878,83.42195122,83.4804878,83.83170732,83.9804878,84.27804878,84.22682927
Hungary,71.24634146,72.24878049,72.34878049,72.3,72.64878049,72.64878049,73.09756098,73.15121951,73.70243902,73.90487805,74.20731707,74.85853659,75.06341463,75.56585366,75.76341463,75.56829268,75.56829268
Iceland,79.65365854,80.6902439,80.50243902,80.96341463,80.99756098,81.50243902,81.15853659,81.45365854,81.6097561,81.75121951,81.89756098,82.35853659,82.91707317,82.06097561,82.86097561,82.46829268,82.46829268
India,62.582,62.977,63.368,63.759,64.154,64.556,64.966,65.383,65.802,66.219,66.625,67.013,67.377,67.714,68.021,68.302,68.56
Indonesia,66.285,66.467,66.643,66.82,67.002,67.191,67.386,67.581,67.775,67.964,68.15,68.331,68.509,68.684,68.856,69.025,69.191
"Iran, Islamic Rep.",70.144,70.526,70.899,71.249,71.582,71.912,72.259,72.635,73.044,73.481,73.932,74.375,74.787,75.153,75.466,75.73,75.953
Iraq,69.169,69.081,68.932,68.742,68.537,68.35,68.217,68.156,68.177,68.283,68.465,68.702,68.963,69.219,69.458,69.672,69.862
Ireland,76.53658537,77.13414634,77.63414634,78.13902439,78.53902439,78.94390244,79.24146341,79.64146341,80.09512195,80.1902439,80.74390244,80.74634146,80.84634146,81,81.34878049,81.45365854,81.60731707
Israel,78.95365854,79.40731707,79.45121951,79.64878049,80.14634146,80.15121951,80.55365854,80.50487805,80.95121951,81.40487805,81.60243902,81.65609756,81.70487805,82.05609756,82.15365854,82.05121951,82.40731707
Italy,79.77804878,80.12682927,80.22926829,79.98292683,80.7804878,80.78292683,81.28292683,81.43414634,81.48536585,81.63658537,82.03658537,82.18780488,82.23902439,82.6902439,83.0902439,82.54390244,82.54390244
Jamaica,72.327,72.487,72.683,72.911,73.167,73.446,73.739,74.038,74.334,74.619,74.883,75.122,75.334,75.523,75.689,75.836,75.97
Japan,81.07609756,81.41707317,81.56341463,81.76,82.0302439,81.92512195,82.32195122,82.50707317,82.58756098,82.93146341,82.84268293,82.59121951,83.09609756,83.33195122,83.58780488,83.79390244,83.98487805
Jordan,71.73,71.907,72.083,72.256,72.427,72.594,72.76,72.924,73.087,73.25,73.412,73.571,73.729,73.883,74.034,74.182,74.329
Kazakhstan,65.51707317,65.76829268,65.96829268,65.86585366,65.88780488,65.9097561,66.16097561,66.50487805,67.02195122,68.42926829,68.29536585,68.98,69.61,70.45,71.62,72,72.3
Kenya,51.751,52.004,52.565,53.413,54.513,55.819,57.271,58.784,60.275,61.68,62.936,64.008,64.907,65.651,66.242,66.695,67.032
Kiribati,64.001,64.231,64.43,64.599,64.74,64.859,64.961,65.054,65.146,65.244,65.354,65.481,65.623,65.78,65.949,66.13,66.317
"Korea, Dem. People’s Rep.",65.268,66.087,66.925,67.615,68.102,68.389,68.54,68.676,68.886,69.187,69.572,70.011,70.448,70.842,71.179,71.457,71.685
"Korea, Rep.",75.9097561,76.41219512,76.76585366,77.21463415,77.66585366,78.16829268,78.66829268,79.1195122,79.51707317,79.96829268,80.11707317,80.56829268,80.8195122,81.27073171,81.72195122,82.02439024,82.02439024
Kosovo,67.95121951,67.99756098,67.94390244,68.19512195,68.44634146,68.69512195,68.94634146,69.19756098,69.39756098,69.64878049,69.9,70.14878049,70.49756098,70.79756098,71.09756098,71.34634146,71.64634146
Kuwait,73.16,73.232,73.3,73.367,73.434,73.505,73.584,73.67,73.764,73.868,73.979,74.096,74.217,74.338,74.458,74.577,74.694
Kyrgyz Republic,68.55853659,68.70731707,68.15609756,68.25609756,68.15365854,67.95609756,67.69512195,67.89512195,68.45121951,69.10243902,69.3,69.60243902,70.00243902,70.20243902,70.40243902,70.65121951,70.95121951
Lao PDR,58.923,59.494,60.07,60.648,61.224,61.793,62.348,62.886,63.402,63.893,64.357,64.795,65.208,65.6,65.975,66.335,66.683
Latvia,70.31463415,70.76097561,70.96097561,71.26585366,72.02682927,71.35609756,70.86585366,71.0195122,72.4195122,73.0804878,73.48292683,73.57560976,73.77804878,73.98292683,74.12439024,74.4804878,74.52926829
Lebanon,74.447,74.934,75.418,75.892,76.351,76.786,77.187,77.553,77.881,78.173,78.43,78.656,78.86,79.05,79.231,79.409,79.584
Lesotho,48.405,47.195,46.394,46.021,46.078,46.521,47.266,48.171,49.112,50.014,50.826,51.53,52.158,52.738,53.268,53.745,54.174
Liberia,52.423,52.543,52.814,53.323,54.084,55.052,56.136,57.207,58.167,58.977,59.631,60.155,60.615,61.066,61.527,62.007,62.505
Libya,70.473,70.616,70.783,70.97,71.17,71.362,71.521,71.629,71.681,71.679,71.643,71.598,71.574,71.592,71.659,71.776,71.934
Liechtenstein,76.82682927,79.27560976,79.63658537,79.96097561,81.77073171,80.66829268,80.94878049,81.29512195,82.68292683,81.5,81.84146341,81.79268293,82.38292683,82.26097561,82.07317073,82.65609756,82.65609756
Lithuania,72.0195122,71.65853659,71.76097561,72.06097561,71.96097561,71.25365854,71.05609756,70.9,71.81219512,72.91463415,73.26829268,73.56341463,73.86341463,73.91463415,74.51707317,74.32195122,74.32195122
Luxembourg,77.87317073,77.82439024,77.96585366,77.72682927,79.12195122,79.43170732,79.28780488,79.38292683,80.53902439,80.63658537,80.63170732,80.98780488,81.39268293,81.8,82.22926829,82.29268293,82.29268293
"Macao SAR, China",80.407,80.645,80.87,81.089,81.304,81.523,81.748,81.981,82.22,82.462,82.704,82.937,83.155,83.355,83.536,83.7,83.849
"Macedonia, FYR",73.267,73.47,73.642,73.782,73.893,73.986,74.077,74.18,74.305,74.457,74.632,74.824,75.019,75.207,75.384,75.549,75.703
Madagascar,58.485,59.129,59.717,60.256,60.752,61.212,61.65,62.079,62.509,62.944,63.388,63.836,64.28,64.713,65.133,65.539,65.932
Malawi,46.45,46.71,47.169,47.843,48.735,49.846,51.163,52.63,54.177,55.745,57.263,58.667,59.927,61.02,61.932,62.661,63.223
Malaysia,72.8,72.966,73.113,73.242,73.356,73.463,73.577,73.704,73.852,74.022,74.21,74.408,74.606,74.797,74.976,75.143,75.3
Maldives,69.936,70.842,71.737,72.603,73.418,74.151,74.771,75.269,75.648,75.92,76.112,76.259,76.401,76.571,76.783,77.042,77.339
Mali,48.069,48.758,49.54,50.373,51.224,52.057,52.839,53.553,54.193,54.756,55.249,55.694,56.122,56.556,57.007,57.478,57.966
Malta,78.2,78.84390244,78.73902439,78.54634146,79.25365854,79.3,79.43902439,79.79268293,79.63658537,80.24146341,81.39756098,80.74634146,80.74634146,81.74634146,81.94634146,81.79756098,81.79756098
Mauritania,60.049,60.143,60.25,60.381,60.539,60.729,60.952,61.199,61.461,61.73,61.997,62.253,62.492,62.711,62.907,63.082,63.238
Mauritius,71.66341463,71.76585366,71.96585366,72.12130081,72.27674797,72.43219512,72.43219512,72.57073171,72.57073171,72.88243902,72.96731707,73.26682927,73.86341463,74.01707317,74.19439024,74.35317073,74.39487805
Mexico,74.364,74.598,74.809,75.002,75.18,75.347,75.505,75.656,75.802,75.948,76.096,76.251,76.412,76.579,76.753,76.933,77.118
"Micronesia, Fed. Sts.",67.3,67.414,67.539,67.675,67.82,67.969,68.115,68.251,68.375,68.484,68.582,68.673,68.765,68.862,68.966,69.078,69.195
Moldova,67.006,67.185,67.362,67.521,67.665,67.82,68.022,68.302,68.671,69.119,69.616,70.117,70.577,70.961,71.258,71.468,71.61
Mongolia,62.869,63.319,63.777,64.23,64.671,65.104,65.539,65.987,66.449,66.92,67.383,67.82,68.215,68.558,68.847,69.087,69.287
Montenegro,73.228,73.23,73.277,73.355,73.465,73.62,73.834,74.116,74.462,74.858,75.28,75.7,76.089,76.43,76.712,76.938,77.116
Morocco,68.722,69.209,69.738,70.296,70.873,71.456,72.029,72.58,73.097,73.572,73.999,74.377,74.717,75.026,75.309,75.573,75.821
Mozambique,48.348,48.859,49.406,50.007,50.663,51.362,52.079,52.785,53.459,54.096,54.7,55.288,55.878,56.483,57.099,57.714,58.311
Myanmar,62.133,62.452,62.757,63.046,63.323,63.597,63.88,64.181,64.501,64.838,65.178,65.506,65.805,66.066,66.285,66.464,66.612
Namibia,55.608,54.798,54.145,53.693,53.48,53.563,53.983,54.712,55.697,56.883,58.189,59.527,60.815,61.982,62.981,63.782,64.388
Nepal,62.386,63.082,63.745,64.376,64.973,65.537,66.066,66.565,67.036,67.484,67.914,68.329,68.732,69.126,69.511,69.887,70.253
Netherlands,77.98780488,78.1902439,78.29268293,78.49268293,79.09512195,79.34634146,79.69756098,80.09756098,80.25121951,80.54878049,80.70243902,81.20487805,81.10487805,81.30487805,81.70731707,81.5097561,81.5097561
New Caledonia,75.16341463,74.83170732,75.10243902,75.27073171,75.47073171,75.72195122,76.07560976,76.47804878,76.6804878,76.9804878,77.25912213,76.64683538,77.06907036,77.17621087,77.2528726,77.24430351,76.96150074
New Zealand,78.63658537,78.69268293,78.84634146,79.14634146,79.54878049,79.85121951,80.04878049,80.15121951,80.35121951,80.70243902,80.70243902,80.90487805,81.15609756,81.40731707,81.40487805,81.45682927,81.61243902
Nicaragua,69.742,70.214,70.675,71.117,71.537,71.935,72.313,72.677,73.028,73.369,73.699,74.016,74.319,74.608,74.884,75.149,75.404
Niger,49.874,50.494,51.123,51.77,52.436,53.127,53.849,54.593,55.35,56.105,56.838,57.528,58.16,58.727,59.228,59.667,60.058
Nigeria,46.266,46.509,46.834,47.24,47.717,48.246,48.802,49.356,49.887,50.385,50.847,51.279,51.699,52.121,52.549,52.985,53.428
Norway,78.63414634,78.78536585,78.98780488,79.3902439,79.84146341,80.04146341,80.34390244,80.39512195,80.59268293,80.79512195,80.99756098,81.29512195,81.45121951,81.75121951,82.1,82.30487805,82.5097561
Oman,72.126,72.58,73.022,73.447,73.851,74.231,74.58,74.898,75.188,75.451,75.694,75.922,76.141,76.358,76.578,76.801,77.029
Pakistan,62.727,62.967,63.196,63.414,63.625,63.836,64.06,64.303,64.565,64.845,65.134,65.419,65.686,65.927,66.139,66.322,66.481
Panama,75.084,75.267,75.443,75.614,75.782,75.947,76.114,76.285,76.46,76.641,76.828,77.021,77.216,77.413,77.61,77.806,78.001
Papua New Guinea,61.832,62.139,62.458,62.784,63.113,63.433,63.733,64.006,64.247,64.455,64.634,64.791,64.937,65.082,65.23,65.384,65.544
Paraguay,70.07,70.335,70.593,70.838,71.067,71.281,71.485,71.686,71.887,72.089,72.285,72.47,72.638,72.786,72.913,73.023,73.12
Peru,70.512,70.964,71.389,71.784,72.146,72.473,72.764,73.023,73.258,73.475,73.681,73.883,74.088,74.298,74.518,74.747,74.983
Philippines,67.17,67.308,67.434,67.555,67.67,67.783,67.892,68,68.105,68.211,68.32,68.433,68.553,68.68,68.813,68.951,69.094
Poland,73.74878049,74.2,74.49756098,74.59756098,74.84634146,74.99512195,75.14390244,75.24390244,75.54390244,75.69512195,76.24634146,76.69512195,76.74634146,77,77.60243902,77.45121951,77.45121951
Portugal,76.31463415,76.81463415,77.06585366,77.2195122,77.67073171,78.07073171,78.4195122,78.32195122,78.52439024,78.72682927,79.02682927,80.47073171,80.37317073,80.72195122,81.12195122,81.12439024,81.12682927
Puerto Rico,76.68926829,77.06682927,77.7604878,78.07121951,78.17585366,78.29609756,78.41634146,78.42585366,77.9034878,78.14980488,78.40817073,78.67119512,78.92641463,79.16739024,79.39012195,79.59612195,79.78831707
Qatar,76.279,76.387,76.488,76.581,76.668,76.754,76.843,76.94,77.049,77.169,77.301,77.443,77.59,77.739,77.888,78.036,78.184
Romania,71.16341463,71.16097561,71.0097561,71.3097561,71.59427561,71.87889512,72.16341463,72.56585366,72.56585366,73.3097561,73.45853659,74.4097561,74.41219512,75.06341463,74.96097561,75.01219512,75.01219512
Russian Federation,65.48365854,65.38341463,65.12878049,65.04780488,65.47097561,65.5297561,66.72756098,67.58682927,67.94926829,68.68463415,68.84121951,69.68390244,70.07219512,70.57878049,70.74365854,71.16829268,71.59292683
Rwanda,48.415,49.793,50.97,52.268,53.755,55.43,57.219,58.971,60.565,61.962,63.14,64.106,64.911,65.598,66.188,66.696,67.129
Samoa,69.305,69.637,69.97,70.314,70.673,71.051,71.451,71.866,72.288,72.71,73.122,73.513,73.875,74.206,74.504,74.77,75.013
Sao Tome and Principe,63.338,63.526,63.754,64.021,64.322,64.641,64.956,65.248,65.5,65.709,65.875,66.008,66.125,66.241,66.361,66.488,66.624
Saudi Arabia,72.44,72.651,72.82,72.948,73.041,73.112,73.176,73.245,73.331,73.44,73.574,73.73,73.896,74.066,74.234,74.4,74.561
Senegal,57.796,58.18,58.665,59.23,59.859,60.541,61.263,62.008,62.755,63.485,64.177,64.814,65.393,65.914,66.376,66.784,67.146
Serbia,71.58292683,72.23414634,72.28536585,72.43658537,72.68292683,72.83414634,73.38536585,73.63170732,73.88536585,73.98536585,74.33658537,74.53658537,74.83658537,75.18536585,75.33658537,75.28780488,75.23902439
Seychelles,72.77804878,73.25365854,71.08780488,71.02926829,72.66097561,72.13170732,72.21707317,73.14390244,73.16341463,73.08292683,73.19756098,72.72439024,74.27560976,73.1195122,73.22926829,74.29512195,74.3097561
Sierra Leone,38.702,39.66,40.66,41.669,42.66,43.624,44.566,45.5,46.432,47.348,48.224,49.034,49.762,50.401,50.951,51.423,51.835
Singapore,77.95121951,78.25121951,78.55121951,79.03902439,79.4902439,79.9902439,80.14146341,80.44146341,80.7902439,81.24146341,81.54146341,81.74390244,81.99512195,82.24634146,82.49512195,82.74390244,82.79512195
Slovak Republic,73.05121951,73.40243902,73.60487805,73.60487805,73.95853659,73.90487805,74.20487805,74.20731707,74.70487805,74.9097561,75.11219512,75.95853659,76.1097561,76.41219512,76.81219512,76.56341463,76.56341463
Slovenia,75.41219512,75.75853659,76.00731707,76.85853659,77.20731707,77.61219512,78.08658537,78.56097561,78.76585366,78.97073171,79.42195122,79.97073171,80.12439024,80.32195122,81.07804878,80.77560976,80.77560976
Solomon Islands,63.103,63.744,64.368,64.971,65.549,66.104,66.635,67.147,67.641,68.118,68.572,69.001,69.4,69.771,70.113,70.43,70.726
Somalia,50.867,51.211,51.49,51.761,52.042,52.344,52.666,52.996,53.323,53.652,53.986,54.332,54.694,55.072,55.467,55.876,56.293
South Africa,56.341,55.273,54.299,53.481,52.878,52.567,52.614,53.01,53.72,54.701,55.888,57.201,58.545,59.83,60.993,61.981,62.774
South Sudan,49.239,49.631,50.013,50.393,50.782,51.19,51.627,52.095,52.591,53.113,53.655,54.206,54.756,55.294,55.817,56.322,56.811
Spain,78.96585366,79.36829268,79.56829268,79.6195122,79.87073171,80.17073171,80.82195122,80.87317073,81.17560976,81.47560976,81.62682927,82.47560976,82.42682927,83.07804878,83.22926829,82.83170732,82.83170732
Sri Lanka,71.002,71.775,72.511,73.128,73.593,73.896,74.059,74.144,74.207,74.27,74.352,74.462,74.593,74.741,74.906,75.088,75.284
St. Lucia,71.456,71.676,71.958,72.287,72.652,73.028,73.393,73.728,74.02,74.265,74.465,74.633,74.788,74.947,75.117,75.3,75.496
St. Martin (French part),76.97073171,77.17073171,77.37073171,77.57073171,77.72195122,77.87073171,78.07073171,78.22195122,78.37073171,78.57073171,78.72195122,78.87073171,79.02195122,79.17073171,79.32195122,79.47073171,79.62195122
St. Vincent and the Grenadines,70.593,70.635,70.719,70.846,71.014,71.218,71.446,71.683,71.914,72.13,72.327,72.501,72.657,72.802,72.935,73.06,73.179
Sudan,58.43,58.801,59.184,59.582,59.993,60.416,60.854,61.3,61.749,62.193,62.62,63.019,63.384,63.712,64.002,64.257,64.486
Suriname,67.838,67.918,68.051,68.239,68.48,68.768,69.089,69.422,69.749,70.057,70.335,70.578,70.79,70.976,71.138,71.279,71.405
Sweden,79.64390244,79.79512195,79.84634146,80.09512195,80.49756098,80.54634146,80.74878049,80.9,81.1,81.35121951,81.45121951,81.80243902,81.70487805,81.95609756,82.25365854,82.20487805,82.20487805
Switzerland,79.6804878,80.1804878,80.38536585,80.53658537,81.08780488,81.23658537,81.4902439,81.74146341,81.99268293,82.04390244,82.24634146,82.69512195,82.69756098,82.79756098,83.19756098,82.89756098,82.89756098
Syrian Arab Republic,73.11,73.371,73.663,73.967,74.25,74.43,74.412,74.152,73.648,72.939,72.108,71.27,70.549,70.046,69.817,69.904,70.31
Tajikistan,65.485,65.894,66.303,66.727,67.163,67.607,68.052,68.487,68.902,69.29,69.644,69.958,70.234,70.477,70.69,70.879,71.051
Tanzania,51.493,52.281,53.173,54.142,55.161,56.196,57.218,58.209,59.156,60.048,60.893,61.713,62.528,63.348,64.163,64.95,65.675
Thailand,70.624,70.841,71.11,71.424,71.775,72.149,72.534,72.915,73.279,73.617,73.923,74.197,74.446,74.678,74.895,75.103,75.303
Timor-Leste,59.36,60.304,61.251,62.223,63.209,64.175,65.068,65.842,66.472,66.956,67.313,67.578,67.805,68.033,68.285,68.569,68.881
Togo,53.489,53.551,53.707,53.935,54.23,54.598,55.048,55.578,56.174,56.814,57.465,58.092,58.668,59.174,59.601,59.949,60.232
Tonga,70.811,70.949,71.089,71.229,71.367,71.504,71.639,71.773,71.906,72.039,72.173,72.308,72.446,72.588,72.732,72.88,73.029
Trinidad and Tobago,68.532,68.584,68.648,68.724,68.816,68.927,69.06,69.214,69.384,69.567,69.756,69.942,70.118,70.28,70.426,70.556,70.673
Tunisia,73.155,73.402,73.629,73.836,74.026,74.2,74.352,74.483,74.595,74.695,74.793,74.9,75.023,75.167,75.335,75.525,75.731
Turkey,70.008,70.571,71.102,71.6,72.06,72.481,72.866,73.219,73.549,73.859,74.154,74.437,74.711,74.977,75.239,75.498,75.755
Turkmenistan,63.613,63.842,64.101,64.386,64.693,65.017,65.354,65.695,66.031,66.355,66.657,66.928,67.167,67.375,67.552,67.704,67.835
Uganda,47.077,48.12,49.242,50.394,51.538,52.64,53.681,54.66,55.574,56.409,57.153,57.796,58.347,58.819,59.224,59.575,59.889
Ukraine,67.8595122,68.28707317,68.27560976,68.21073171,68.18536585,67.95682927,68.07756098,68.22219512,68.25146341,69.19,70.26536585,70.80926829,70.94414634,71.1595122,71.18658537,71.1895122,71.47634146
United Arab Emirates,74.239,74.487,74.73,74.968,75.2,75.422,75.632,75.828,76.012,76.183,76.344,76.498,76.648,76.798,76.948,77.101,77.256
United Kingdom,77.74146341,77.99268293,78.14390244,78.44634146,78.74634146,79.04878049,79.24878049,79.44878049,79.6,80.05121951,80.40243902,80.95121951,80.90487805,81.00487805,81.30487805,80.95609756,80.95609756
United States,76.63658537,76.83658537,76.93658537,77.03658537,77.48780488,77.48780488,77.68780488,77.98780488,78.03902439,78.3902439,78.54146341,78.64146341,78.74146341,78.74146341,78.84146341,78.6902439,78.6902439
Uruguay,74.805,75.022,75.229,75.427,75.614,75.792,75.961,76.124,76.282,76.436,76.588,76.739,76.89,77.04,77.19,77.341,77.493
Uzbekistan,67.154,67.366,67.594,67.837,68.094,68.367,68.663,68.982,69.319,69.665,70.005,70.322,70.604,70.844,71.039,71.192,71.314
Vanuatu,67.438,67.82,68.189,68.545,68.889,69.221,69.541,69.852,70.152,70.442,70.721,70.988,71.241,71.481,71.709,71.925,72.133
"Venezuela, RB",72.281,72.507,72.704,72.872,73.015,73.134,73.235,73.327,73.419,73.516,73.625,73.748,73.885,74.035,74.196,74.367,74.545
Vietnam,73.265,73.487,73.695,73.893,74.082,74.263,74.438,74.609,74.777,74.946,75.117,75.294,75.476,75.663,75.855,76.052,76.253
Virgin Islands (U.S.),76.6195122,77.67317073,77.62195122,77.57317073,77.87317073,77.42195122,78.47560976,76.86097561,77.26341463,77.61463415,77.96585366,78.41707317,78.66829268,78.86829268,78.96829268,79.16829268,79.26829268
West Bank and Gaza,70.778,70.95,71.115,71.277,71.44,71.605,71.773,71.942,72.11,72.277,72.444,72.613,72.783,72.954,73.126,73.299,73.473
"Yemen, Rep.",60.382,60.631,60.903,61.2,61.52,61.857,62.205,62.552,62.888,63.208,63.508,63.786,64.046,64.291,64.523,64.743,64.953
Zambia,44.702,45.448,46.33,47.33,48.432,49.63,50.929,52.313,53.749,55.194,56.588,57.872,59.011,59.982,60.775,61.397,61.874
Zimbabwe,44.841,44.326,44.109,44.188,44.571,45.282,46.344,47.719,49.337,51.122,52.975,54.8,56.516,58.053,59.36,60.398,61.163